{
  "project_info": {
    "project_number": "234840665183",
    "firebase_url": "https://smart-book-bkdn.firebaseio.com",
    "project_id": "smart-book-bkdn",
    "storage_bucket": "smart-book-bkdn.appspot.com"
  },
  "client": [
    {
      "client_info": {
        "mobilesdk_app_id": "1:234840665183:android:c40da241aedea575",
        "android_client_info": {
          "package_name": "com.example.secret.smartbook"
        }
      },
      "oauth_client": [
        {
          "client_id": "234840665183-p1cvu2g838fluecoh1bqdehs1pfam227.apps.googleusercontent.com",
          "client_type": 3
        }
      ],
      "api_key": [
        {
          "current_key": "AIzaSyA9sa_cw_Kzg1Ff4TH5p6elU6IkNzKGWcw"
        }
      ],
      "services": {
        "analytics_service": {
          "status": 1
        },
        "appinvite_service": {
          "status": 1,
          "other_platform_oauth_client": []
        },
        "ads_service": {
          "status": 2
        }
      }
    },
    {
      "client_info": {
        "mobilesdk_app_id": "1:234840665183:android:1cde4d56e2d63e21",
        "android_client_info": {
          "package_name": "com.example.assassin.smartbook"
        }
      },
      "oauth_client": [
        {
          "client_id": "234840665183-p1cvu2g838fluecoh1bqdehs1pfam227.apps.googleusercontent.com",
          "client_type": 3
        }
      ],
      "api_key": [
        {
          "current_key": "AIzaSyA9sa_cw_Kzg1Ff4TH5p6elU6IkNzKGWcw"
        }
      ],
      "services": {
        "analytics_service": {
          "status": 1
        },
        "appinvite_service": {
          "status": 1,
          "other_platform_oauth_client": []
        },
        "ads_service": {
          "status": 2
        }
      }
    }
  ],
  "configuration_version": "1"
}